pv1,pv2,pv3,pv4,pv5,pv6,pv7,pv8,pv9,pv10,pv11,pv12,load1,load2,load3,load4,load5,load6,load7,load8,load9,load10,load11,load12,wind1,wind2,wind3,wind4,wind5,wind6,wind7,wind8,wind9,wind10,wind11,wind12,w
0.004609828229166724,0.004513335666666535,0.004766289666666701,0.004993598833333224,0.004873715187499961,0.005149863604166707,0.0050649162499998845,0.005217983937500073,0.005179374937499898,0.004753267958333446,0.004197661958333279,0.004405311020833275,2464.818591,6683.791649,5052.493859000001,4544.566142,5247.51752,5754.831706,8357.453287,8303.00933,5166.500482,3297.883374,5393.8086,1728.501165,0.14331439904166665,0.15278710062500003,0.13641084437500003,0.13599846647916672,0.12957786220833337,0.1397860294583333,0.120793692625,0.12531383022916667,0.15618474041666663,0.14647121233333332,0.14592872589583336,0.16009724035416664,48
0.012696649132075521,0.012430883943396143,0.013127583981132104,0.013753651811320683,0.013423461490566002,0.014184044962264192,0.013950078301886715,0.014371665905660455,0.014265326867924463,0.013091718867924595,0.011561437490565998,0.01213335632075467,2249.228587226415,6099.181214528302,4610.567960132075,4147.067098226415,4788.533509113207,5251.474503924528,7626.452882320755,7576.770968641509,4714.602779113207,3009.427788924528,4922.028964245283,1577.3145528490566,0.45850512898113205,0.48881110154716984,0.43641861673584903,0.4350992979056604,0.41455788692452833,0.4472168317169811,0.3864547317169811,0.40091598818867924,0.4996811554339623,0.4686047078301887,0.46686913311320755,0.512198399264151,53
0.004505529013698689,0.004411219643835632,0.004658450438356193,0.004880616657534337,0.004763445397260382,0.005033345808219028,0.004950320479452125,0.005099924890410862,0.005062189452054652,0.004645723287671322,0.004102688136986263,0.0043056390684931,2217.645678794521,6013.538570986301,4545.827921260274,4088.835382109589,4721.294538136986,5177.735071794521,7519.364805616439,7470.380508575343,4648.401918410959,2967.170419876713,4852.915495232876,1555.1664343698628,0.3108499275479452,0.33139628298630136,0.29587606957534246,0.2949816189863014,0.28105528383561645,0.3031968695068493,0.2620023589178082,0.27180656878082193,0.3387657873150685,0.3176970775753425,0.3165204205616438,0.3472520268082192,73
0.1950026073243243,0.19092082851351352,0.2016211584864865,0.21123667594594597,0.20616541864864862,0.21784690770270268,0.21425350916216218,0.2207284996216216,0.21909528216216215,0.20107032032432434,0.17756735878378377,0.18635122427027026,2178.4692113513515,5907.304649000001,4465.522270432433,4016.6028664324326,4637.889130513514,5086.266280621621,7386.529270459459,7338.41031972973,4566.284216810811,2914.753004243243,4767.184899189189,1527.6931875945945,0.4458660481891892,0.475336611,0.4243883693513513,0.42310541867567575,0.40313024899999994,0.4348889224594594,0.375801780972973,0.38986440075675677,0.4859070227837838,0.4556872236756756,0.4539994915135135,0.4980792182972973,37
0.011948155265306196,0.011698057438775583,0.012353685632653086,0.012942845408163428,0.012632120479591988,0.013347866030612027,0.013127692112245029,0.013524426255101876,0.01342435616326515,0.012319934806122548,0.01087986668367344,0.011418069704081574,2170.6760159489795,5886.172021183673,4449.547434928572,4002.233982693878,4621.2976745510205,5068.070812663265,7360.104905459184,7312.15809422449,4549.948918214286,2904.325847602041,4750.130904081632,1522.2280603367346,0.09162937224489795,0.09768583063265299,0.08721552143877545,0.08695186382653067,0.08284679169387749,0.08937347688775518,0.07723055253061228,0.08012054391836732,0.09985814268367338,0.09364770970408162,0.09330086599999995,0.10235963535714288,98
0.011783766610309346,0.011537109747422739,0.012183717477319597,0.012764771340206343,0.012458321518556845,0.013164219457731718,0.012947074806185718,0.013338350486597775,0.013239657190721468,0.012150431006185666,0.010730176065979341,0.01126097422061853,2166.5407899381444,5874.958624402062,4441.0708663298965,3994.609564412371,4612.493914742268,5058.415931886599,7346.083606639176,7298.22813601031,4541.281080680412,2898.7929889278353,4741.08171172165,1519.328153979381,0.7850573636804122,0.8369475726082474,0.7472406024432989,0.744981650556701,0.7098104279793814,0.7657294209587632,0.6616919064020618,0.6864526237938142,0.8555593947835052,0.8023499701958761,0.799378300670103,0.8769915529278349,97
0.21675797405970149,0.21222081358208955,0.22411492059701488,0.23480318829850744,0.2291661588955224,0.24215088720895517,0.23815659300000003,0.24535396244776117,0.2435385359701493,0.22350262853731342,0.19737757083582091,0.20714140398507463,2159.6360582238804,5856.235222626865,4426.917242552238,3981.8788058955224,4597.793968432836,5042.294839,7322.671752492537,7274.968796522388,4526.808088567164,2889.554580761194,4725.971958119403,1514.486078835821,0.10213143877611944,0.10888205591044775,0.09721169602985072,0.09691781943283587,0.09234224605970154,0.09961698471641794,0.08608230368656708,0.0893035303731343,0.11130334670149256,0.10438110716417917,0.10399451007462682,0.11409154695522397,67
0.1109067767735849,0.10858528501886792,0.11467104528301887,0.12013982358490566,0.1172555709245283,0.12389936060377359,0.12185563279245283,0.1255382517735849,0.12460936743396227,0.11435775869811321,0.10099056460377359,0.10598634503773585,2146.6260369433962,5820.956248509434,4400.248727226415,3957.8912791132075,4570.0960621320755,5011.9191826226415,7278.558711,7231.143125962264,4499.537813528302,2872.1474040943394,4697.501885377358,1505.362552754717,0.2999481792264151,0.3197739580754717,0.2854994659811321,0.28463638450943396,0.27119845666037734,0.29256351975471695,0.2528137326981132,0.2622741013962264,0.32688500805660375,0.30655519430188677,0.3054198035283019,0.3350736285471698,53
0.21026312900000002,0.2058619182,0.21739963503999998,0.22776764391999998,0.22229952024,0.23489517956,0.23102056864000003,0.23800227916,0.23624124931999999,0.2168056894,0.19146343212,0.20093470576,2100.1491077600003,5694.92583292,4304.978267840001,3872.1983684799998,4471.1482120400005,4903.4053524,7120.96952112,7074.580538,4402.11763084,2809.96210056,4595.79555236,1472.7697173200002,0.82150191948,0.8758010168000001,0.7819295984000001,0.77956578,0.74276181092,0.8012767197599999,0.69240949304,0.71831967216,0.89527685184,0.83959729724,0.8364876744399999,0.9177039507599999,25
0.1507014177878788,0.14754694796969697,0.15581634975757575,0.16324738927272725,0.15932823318181819,0.16835589181818184,0.16557885075757575,0.17058283615151515,0.1693206573939394,0.1553906523939394,0.1372271534242424,0.144015478,2087.5401476363636,5660.734406939394,4279.131865333333,3848.9503074242425,4444.30415169697,4873.966089121212,7078.216356515152,7032.105885515151,4375.688019212121,2793.0915365757573,4568.203129151515,1463.927443090909,0.6446338976060608,0.6872424879090909,0.6135814327575757,0.6117265403636363,0.5828464057272726,0.6287631502727273,0.5433348597272727,0.5636666195757576,0.7025252074545454,0.6588333698181817,0.6563932439393938,0.7201237884848485,33
0.4306002431071428,0.4215869535357143,0.44521517474999994,0.46644793760714276,0.4552497048214287,0.4810444984999999,0.4731096389642857,0.48740756282142855,0.4838011301785714,0.44399882675,0.39210013092857143,0.4114964595,2082.8728741071427,5648.078269464286,4269.564682321428,3840.3449144285714,4434.367680285714,4863.068989821429,7062.391045892857,7016.383667607142,4365.904958142857,2786.8468078214287,4557.9896475357145,1460.6544283571427,0.5048376213571428,0.5382060487857143,0.48051924085714287,0.47906660314285715,0.4564494579642857,0.4924086282857143,0.4255064451785714,0.4414290290357143,0.5501745348571428,0.515957775,0.5140468181785713,0.5639566610357143,28
0.46170307016666673,0.45203873875,0.4773736576666667,0.5001400911666667,0.4881329951666667,0.5157909809999999,0.5072829761666666,0.5226136580833334,0.5187467278333334,0.47606945125,0.42042204375000003,0.4412193948333334,2068.177137166667,5608.228178916666,4239.4407126666665,3813.249310333333,4403.080940916667,4828.757542583334,7012.562253083333,6966.879480333333,4335.101258333333,2767.1841734166665,4525.8306917499995,1450.34876175,0.1387418,0.14791226508333336,0.13205851066666668,0.13165929016666666,0.12544354225,0.13532600708333337,0.11693964100000001,0.12131555866666666,0.1512014995,0.14179789191666664,0.14127271400000002,0.15498916675000002,12
0.35434763952272735,0.34693046322727267,0.36637449406818184,0.3838472649545455,0.3746320649545455,0.39585900200000007,0.38932928270454537,0.40109526679545454,0.3981274770227272,0.3653735422954546,0.3226652980681818,0.3386268387954546,2063.2834757272726,5594.958149840909,4229.40946925,3804.2265089772727,4392.662496727273,4817.331874659091,6995.969328863637,6950.394649477273,4324.843665772728,2760.6365414318184,4515.121800477273,1446.9169880454547,0.1391390700454545,0.14833579338636363,0.13243664390909085,0.1320362802272728,0.12580273425,0.1357134961818182,0.1172744830681818,0.1216629308409091,0.15163444611363633,0.1422039125909091,0.14167723086363626,0.15543295913636368,44
0.007463313218918938,0.0073070917603603736,0.007716624327927954,0.008084637942342487,0.007890546230630721,0.008337630599999729,0.00820010084954971,0.008447917442342204,0.008385409509008887,0.007695542137837852,0.006796015878378359,0.007132199809008921,2060.02243790991,5586.115269018018,4222.724850135135,3798.21389527027,4385.719854873874,4809.718039045045,6984.912137432433,6939.409489315316,4318.008212117117,2756.273330945946,4507.985610594595,1444.6301229459461,0.22520392406306305,0.24008930589189187,0.21435569378378377,0.21370768407207208,0.20361836098198197,0.2196594520900901,0.18981493673873873,0.1969178708108108,0.2454283493873874,0.23016453326126124,0.22931207120720717,0.251576442963964,111
0.013610074222222282,0.013325189200000032,0.014072011477777799,0.014743120000000082,0.014389175022222325,0.01520447662222206,0.014953677800000106,0.015405595344444328,0.015291606088888757,0.014033566111111187,0.012393192888888849,0.013006256833333271,2031.5664803333332,5508.9519060444445,4164.394573311111,3745.747567011111,4325.138059355555,4743.279377966666,6888.4266042555555,6843.552503288889,4258.361746077778,2718.199766588889,4445.714906666667,1424.6748386333334,0.5714869334000001,0.6092607034333333,0.5439580088444443,0.5423135921555555,0.5167105023888889,0.5574170484999998,0.4816823533000001,0.49970705723333336,0.6228092843888888,0.5840751837999999,0.5819119401888888,0.6384109447333333,90
0.2414746508478261,0.23642012284782604,0.24967050195652168,0.2615775412608695,0.25529772741304346,0.2697630903478261,0.2653133310652174,0.2733314088043478,0.27130897130434783,0.24898839086956523,0.21988432126086954,0.2307615136304348,2016.703441652174,5468.648147195652,4133.927661043478,3718.3434964347825,4293.4951398913045,4708.577316434783,6838.03054176087,6793.484741913044,4227.207365326087,2698.313285456522,4413.18984126087,1414.2518485,0.32441924726086957,0.34586249876086955,0.30879174563043477,0.30785825026086955,0.2933239983043478,0.3164321154130435,0.27343936902173915,0.2836715555,0.3535536989782609,0.33156529117391303,0.3303372702826087,0.3624103825,46
0.11823381649295775,0.11575895576056339,0.12224677091549296,0.12807684326760563,0.1250020428450704,0.13208475347887325,0.129906007028169,0.1338319177887324,0.13284166684507043,0.12191278718309859,0.10766249126760563,0.1129883171971831,2014.1876308169012,5461.826081084507,4128.770641042253,3713.704912267606,4288.139061676056,4702.703428690141,6829.500189225353,6785.0099597746475,4221.933980211268,2694.947175408451,4407.684445323944,1412.4875880704226,0.08937116215492966,0.09527835888732392,0.08506609094366194,0.08480893111267607,0.08080502883098586,0.08717086347887326,0.07532720208450702,0.07814596943661972,0.09739713418309859,0.09133975761971835,0.09100146191549302,0.09983697745070425,71
0.004933652878787942,0.004830382030303101,0.00510110515151517,0.005344382030303199,0.005216076949495094,0.005511623818181585,0.005420709252525413,0.005584529404040223,0.005543208272727099,0.005087168717171825,0.004492533282828198,0.004714769010100928,2012.3964155757576,5456.96888410101,4125.098929010101,3710.402317767677,4284.3256234343435,4698.5213187575755,6823.426720929293,6778.976056434343,4218.179418111111,2692.550561292929,4403.764695616162,1411.231464080808,0.08744650682828284,0.09322648893939395,0.08323414755555547,0.08298252586868685,0.07906484965656574,0.08529359274747478,0.0737049908585859,0.07646305464646463,0.09529963531313135,0.0893727074949495,0.08904169719191912,0.09768693515151511,99
0.5039757062608694,0.49342652739130427,0.5210810622608695,0.5459319462173914,0.5328255038695651,0.5630158009565218,0.553728819826087,0.5704631493043479,0.5662421704347826,0.5196574453043479,0.458915069173913,0.4816165854782609,1986.284095826087,5386.160709565218,4071.5727441739127,3662.257125826087,4228.733355434782,4637.554557695652,6734.887753434783,6691.013869043479,4163.445445652174,2657.6127425652176,4346.622617956522,1392.9197005652172,0.7276945906086958,0.7757932723913044,0.6926410340869565,0.6905471400000001,0.6579458173043478,0.7097789070869565,0.6133432322608696,0.636294727173913,0.7930451612608694,0.7437236564782608,0.7409691217391304,0.8129113088260869,23
0.2567200610888889,0.25134641746666664,0.2654333542222222,0.2780921398222222,0.27141585239999994,0.28679448044444444,0.2820637873111111,0.29058808333333336,0.28843795995555555,0.26470817824444437,0.23376663431111117,0.24533055415555555,1973.8065927777777,5352.325753088889,4045.9958083777783,3639.251441977778,4202.169163044444,4608.4222193333335,6692.580320266667,6648.982044222223,4137.291380955556,2640.9180658666664,4319.317865066667,1384.1696131777778,0.6066359132888889,0.6467329376888888,0.5774138377777778,0.5756682821777777,0.5484904889111111,0.5917006681555556,0.5113079533777778,0.5304412563555556,0.6611148163555556,0.6199983968888889,0.6177021041555556,0.6776760479777779,45
0.35993348241860457,0.35239938372093016,0.37214992513953493,0.38989813220930236,0.38053766625581387,0.4020992191860465,0.3954665670232558,0.40741802702325575,0.404403453767442,0.3711331947906976,0.32775170897674416,0.34396486311627905,1973.768283604651,5352.2218708139535,4045.9172805116277,3639.180808325582,4202.087604069768,4608.332775255813,6692.450425232559,6648.8529954883725,4137.211081,2640.866808790698,4319.234032302325,1384.1427480465115,0.7868581705116279,0.8388674079069768,0.7489546630930233,0.7466905296744187,0.7114386293488373,0.7674858923255814,0.6632097307906977,0.6880272456744188,0.857521922976744,0.8041904437674419,0.8012119576511627,0.879003243372093,43
0.010634563366197072,0.010411961563380215,0.010995509323943678,0.011519896330986074,0.011243332788732352,0.01188038857746454,0.011684420795774794,0.012037537563380107,0.01194846928873243,0.010965469098591432,0.009683723485915507,0.010162755922535155,1964.1098682816903,5326.031368950704,4026.119034711268,3621.3728822957746,4181.525156133803,4585.782411943662,6659.701664316901,6616.317573598592,4116.966099316901,2627.9440210985913,4298.098341507042,1377.3695995845073,0.3640145943380282,0.3880749932746479,0.3464797571971831,0.34543232878873237,0.3291241722957746,0.3550526337112676,0.3068126254647887,0.3182936495352112,0.39670490391549296,0.37203281240140845,0.3706549117394366,0.40664254509859155,142
0.10693883990697674,0.10470040458139535,0.11056843325581395,0.1158415538372093,0.11306049169767442,0.11946658497674419,0.11749597602325582,0.1210468413255814,0.12015118976744187,0.11026635525581395,0.09737740230232558,0.1021944475116279,1960.774192604651,5316.986094209302,4019.2814195348838,3615.2226532325585,4174.423612534883,4577.994312488372,6648.391398209303,6605.080987348838,4109.974197186047,2623.4809464186046,4290.798819930233,1375.0303932325583,0.7469609135813953,0.7963330481162789,0.7109792847906977,0.7088299530930233,0.6753654831860465,0.7285708973023255,0.629582007255814,0.6531411621627907,0.814041695116279,0.7634143623488374,0.7605868989767443,0.8344338157209301,43
0.006976554385214967,0.006830521725626176,0.007213344494700957,0.0075573561789347155,0.007375923245570251,0.007793848642317566,0.007665288592738434,0.007896942531392337,0.007838511369784945,0.0071936372645795554,0.006352778334028017,0.0066670362410933826,1953.00109653271,5295.907969420561,4003.3477845981306,3600.890828214953,4157.87494753271,4559.845772364486,6622.035184168224,6578.896468766356,4093.681028953271,2613.080682495327,4273.788808747663,1369.5793610186915,0.7249304556542057,0.7728464354579438,0.690010049588785,0.6879241090373833,0.6554466219252334,0.707082824551402,0.611013458915888,0.633877772953271,0.7900327932616823,0.7408986354485984,0.7381545637102807,0.8098234798037383,107
0.25009015496825404,0.244855288,0.25857842349206345,0.27091029057142857,0.2644064210793651,0.2793878895873016,0.27477936855555557,0.2830835209206349,0.2809889253968254,0.2578719755079365,0.2277295102380952,0.23899478680952382,1935.650072952381,5248.857599174603,3967.780891,3568.899477968254,4120.935190111111,4519.334790492063,6563.203118238095,6520.4476596349205,4057.3115888730163,2589.8653218095237,4235.819239349206,1357.411624015873,0.15242849615873016,0.16250361536507937,0.1450859091111111,0.14464730596825398,0.13781838257142862,0.14867573949206345,0.12847558265079365,0.13328317899999997,0.16611732839682541,0.1557860674126985,0.15520908141269846,0.17027864428571426,63
0.5717222473,0.5597550033500001,0.5911269774,0.6193184219000002,0.6044501563,0.6386987607999999,0.62816338435,0.6471472129,0.6423588322500001,0.5895119917500001,0.52060436915,0.5463575191,1917.8864113,5200.68828805,3931.3681538,3536.147317,4083.11694005,4477.8603858,6502.971921750001,6460.6088344,4020.07721915,2566.0978588499997,4196.9466862,1344.9545165,0.19965859290000004,0.21285549614999996,0.19004089929999995,0.18946639440000002,0.18052152355,0.19474304159999997,0.16828384929999995,0.17458108335,0.21758892135,0.2040565105,0.20330074485,0.22303962430000004,20
0.1403308484074074,0.1373934544197531,0.14509379449382717,0.1520134645308642,0.14836400659259258,0.15677042377777778,0.15418448569135804,0.1588441202962963,0.15766879865432099,0.14469739170370371,0.12778382016049383,0.13410500391358024,1884.257160419753,5109.496625469135,3862.433432469136,3474.1426100864196,4011.52137391358,4399.34317617284,6388.945318407407,6347.325048111111,3949.5870253333333,2521.1025203703703,4123.355168308642,1321.3713614320989,0.2361515608765432,0.25176055251851853,0.2247759753580247,0.2240964644320988,0.21351667816049383,0.23033756044444445,0.19904224041975307,0.20649046308641975,0.2573591381234568,0.24135331581481478,0.24045941374074076,0.2638061033950617,81
0.016483228690265556,0.016138203088495617,0.017042683212389387,0.017855466044247925,0.01742680159292047,0.018414217345132572,0.01811047370796473,0.018657793292035305,0.018519740283185745,0.01699612183185846,0.015009457672566368,0.01575194242477873,1861.6514849380533,5048.197337247788,3816.0953216991147,3432.462874274336,3963.394636035398,4346.56369019469,6312.2963195663715,6271.175373035398,3902.203321814159,2490.8565291061946,4073.8867459115045,1305.518699274336,0.18442552569026546,0.19661556358407078,0.17554161933628318,0.17501094687610622,0.1667485299734514,0.17988500909734512,0.1554445360088495,0.16126131901769908,0.20098784932743355,0.18848790148672562,0.18778979748672572,0.20602268779646013,113
0.014537367936956563,0.014233072868478303,0.015030778301086983,0.01574761134021753,0.015369551110869711,0.01624040152934768,0.015972515116304403,0.016455223086956405,0.016333467397825985,0.014989713575000077,0.01323757698478259,0.01389241069021735,1846.9302474239132,5008.278097423913,3785.9190797826086,3405.3202530326084,3932.0536065869564,4312.192704586956,6262.381062,6221.585284402174,3871.346170271739,2471.159775554348,4041.6719867173915,1295.1951500217392,0.059643792543478236,0.06358608907608693,0.056770709423913046,0.05659908828260868,0.053926996826087065,0.058175375326086964,0.05027124977173911,0.05215241563043463,0.06500009992391292,0.060957577652173744,0.06073180865217398,0.0666283824565217,92
0.12454343033823528,0.12193649727941176,0.12877053822058823,0.13491173569117645,0.13167284680882352,0.1391335301764706,0.13683851380882353,0.14097393298529412,0.13993083670588236,0.12841873130882353,0.11340796036764705,0.11901800207352942,1844.8125572794117,5002.535606088235,3781.5781451764706,3401.415712985294,3927.54511425,4307.248344661764,6255.200616279412,6214.451615117647,3866.907285014706,2468.3263438382355,4037.0378058235297,1293.7100793235295,0.44263829410294114,0.47189551104411764,0.4213160984705882,0.4200424354411765,0.40021187185294116,0.4317406349852941,0.37308124251470587,0.3870420589411765,0.4823894004852941,0.4523883712352942,0.4507128570441176,0.49447347792647045,68
0.19877833217307692,0.19461752017307693,0.20552503465384617,0.21532673184615386,0.21015728278846155,0.22206495384615382,0.2184019783076923,0.22500234026923077,0.22333749986538462,0.20496353096153846,0.18100549484615386,0.1899594373846154,1828.9337827115385,4959.477500038462,3749.029132846154,3372.1388562115385,3893.7397267884617,4270.174754192308,6201.360501288462,6160.96223726923,3833.623822846154,2447.0808263846156,4002.289986673077,1282.574785076923,0.7011724116923076,0.7475180478461538,0.6673964471923077,0.6653788688269231,0.6339657618269232,0.6839096984807692,0.5909888006538462,0.6131037858461539,0.7641411596538461,0.716617268596154,0.7139631279807692,0.7832832487115384,52
0.3896250630232558,0.381469462627907,0.4028492627209303,0.4220615524186046,0.4119289241860465,0.4352691295813953,0.42808933774418606,0.4410266956511627,0.437763444883721,0.40174866039534884,0.35478855534883724,0.3723391626744186,1827.3394765813953,4955.154256674418,3745.761053651163,3369.1993173953488,3890.3455014651163,4266.452385348837,6195.954691790697,6155.591643488372,3830.2820013953487,2444.947673116279,3998.8011365581397,1281.4567472790698,0.20159924037209304,0.214924415372093,0.19188806425581395,0.19130797541860467,0.18227616193023255,0.19663591067441866,0.1699195394651163,0.17627798174418607,0.21970384853488376,0.20603990486046508,0.2052767933953489,0.2252075314186046,43
0.2959164628490566,0.2897223633962264,0.305960114490566,0.3205516623396226,0.31285602943396223,0.3305826893962264,0.3251297070377359,0.3349555051320755,0.3324770977358491,0.30512421756603775,0.26945847249056604,0.2827879887924528,1822.0151648113208,4940.716443226415,3734.847044471698,3359.3824945471697,3879.0102170566033,4254.02123990566,6177.901563132075,6137.656120377358,3819.121723830189,2437.8238386792455,3987.1498456037734,1277.7229718867925,0.4186038777924528,0.4462724834716981,0.3984394367169811,0.39723493111320757,0.3784811293773585,0.4082979407169811,0.3528236415283019,0.366026412245283,0.45619657486792453,0.42782454428301886,0.42624000733962264,0.46762450973584907,53
0.12707475242465754,0.12441483395890411,0.1313877755479452,0.1376537916849315,0.13434907302739726,0.14196139349315068,0.1396197312739726,0.14383920205479453,0.14277490502739726,0.13102881820547946,0.11571295612328768,0.12143702087671232,1800.8020222054795,4883.193254287671,3691.3634091917806,3320.270273493151,3833.8481358082195,4204.493024643835,6105.974221643835,6066.197343863014,3774.6569052054792,2409.4410316575345,3940.728729,1262.8468499589042,0.08510942869863017,0.0907349361917808,0.08100964812328773,0.08076475128767122,0.07695177806849324,0.08301405294520547,0.07173516576712324,0.07441951806849312,0.09275267605479448,0.0869841501232877,0.08666198626027397,0.09507617342465757,73
0.012620912485686323,0.01235673254715694,0.013049276775098068,0.013671610025490291,0.013343389353431462,0.014099435872058613,0.013866864803921686,0.014285937555392023,0.014180232901470441,0.013013625588529476,0.011492472465,0.012060979757941154,1790.5641915294118,4855.431565382353,3670.377452401961,3301.3940371078434,3812.0521319117647,4180.58984872549,6071.260838843137,6031.710098578432,3753.1974123431373,2395.742996637255,3918.3250928627454,1255.6673755588236,0.5460997689313725,0.58219551472549,0.5197937617941177,0.5182223949705882,0.4937566713431372,0.5326549105882353,0.4602845777941177,0.47750857015686266,0.5951422270392157,0.5581288114019609,0.5560616656274511,0.6100508147843138,102
0.01792101076271191,0.01754588966101689,0.01852926481355932,0.019412944220338957,0.018946888644067766,0.020020433745762706,0.019690195389830495,0.020285256016949152,0.02013516108474568,0.01847864203389836,0.01631868711864405,0.0171259366271186,1786.3856340508476,4844.100667542372,3661.8120609491525,3293.6897253050847,3803.1561208644066,4170.833798,6057.092615983051,6017.634173491526,3744.438747779661,2390.1521611694916,3909.181077355932,1252.7370822542373,0.8468838908813558,0.9028606691525425,0.8060889025932203,0.8036520490508475,0.7657109466949152,0.8260337924745764,0.7138028915254236,0.740513618237288,0.9229382497627119,0.865538361983051,0.8623326612033898,0.9460582793050848,59
0.24264443544444445,0.23756542159259258,0.25087998985185184,0.26284471100000006,0.2565344756296296,0.2710699137037037,0.2665985981481481,0.27465551807407407,0.27262328325925933,0.25019457440740744,0.22094951488888886,0.23187940007407407,1785.8220410740741,4842.572385666666,3660.6567833333334,3292.650587814815,3801.95625,4169.517927407407,6055.181643037037,6015.735649333334,3743.257402,2389.398083888889,3907.9477564444446,1252.3418518148148,0.8702665025185186,0.9277888095185187,0.8283451575555554,0.8258410219999999,0.7868523591481481,0.8488407292592592,0.7335111137037036,0.7609593282222222,0.9484207354444445,0.8894360268518517,0.8861418160000001,0.9721791130370371,27
0.65997085632,0.6461563995600003,0.6823708178799999,0.7149137736,0.69775050588,0.7372855788800001,0.7251240066000002,0.747038098,0.7415106033200001,0.68050654984,0.6009626405999999,0.6306909368,1784.90366556,4840.08204784,3658.77425652,3290.95731172,3800.00105864,4167.37371396,6052.06770968,6012.64200156,3741.33239704,2388.16931364,3905.938058,1251.69782352,0.07063832347999999,0.07530732928,0.06723562612000003,0.06703236883999997,0.06386771328000002,0.06889922323999995,0.05953807839999997,0.06176601192,0.07698199395999994,0.07219428704000003,0.07192690064000001,0.07891042844000001,25
0.26956922204651157,0.2639266207906977,0.27871862639534883,0.292011000116279,0.28500055606976743,0.3011489039069768,0.29618143360465116,0.30513238120930236,0.30287464141860465,0.2779571545581396,0.24546694741860464,0.2576096558837209,1777.338159860465,4819.566840744186,3643.2661493023256,3277.008236023256,3783.894346534884,4149.709853465116,6026.415371395349,5987.156773209303,3725.474358255814,2378.0468018372094,3889.3823205581393,1246.3923679534882,0.05992953190697681,0.06389071493023257,0.05704268448837213,0.05687024116279077,0.05418534820930232,0.05845407983720924,0.05051208748837213,0.05240226560465122,0.06531150009302328,0.06124961106976751,0.061022760441860446,0.06694758337209294,43
0.12078331863636363,0.11825509198484849,0.12488280522727273,0.13083859277272727,0.1276974897878788,0.13493292645454544,0.13270719927272728,0.1367177652878788,0.13570616134848484,0.12454161975757576,0.10998404154545455,0.1154247095,1748.8392963484848,4742.287130787879,3584.847921909091,3224.4627989545456,3723.221205681818,4083.1710161212122,5929.784357060606,5891.1552540151515,3665.7379571969695,2339.915830030303,3827.0177247424244,1226.406995030303,0.6430641388030304,0.6855689722878787,0.6120872902878787,0.6102369148333333,0.5814271067424244,0.6272320386363637,0.5420117760000001,0.5622940255454545,0.7008144765757578,0.6572290337878788,0.6547948498030305,0.7183702030454545,66
0.012092006257313298,0.011838897373208854,0.012502419066641818,0.013098672080821008,0.01278420616567158,0.013508568980149044,0.013285744285149406,0.013687254944999866,0.013585980012761262,0.012468261865522273,0.011010855924029783,0.011555538680074584,1738.6153349925373,4714.56305080597,3563.8903949776122,3205.6121343208956,3701.454728985075,4059.300222029851,5895.11800080597,5856.714728820895,3644.3075356716417,2326.236351835821,3804.644438925373,1219.2372466119402,0.28255143752238804,0.3012273378432836,0.2689407375,0.2681277140074627,0.25546917466417907,0.2755950821492537,0.2381507492537313,0.2470624245,0.30792595297014924,0.288775251238806,0.287705712261194,0.31563964038059705,134
0.5065991478474576,0.49599505527118637,0.5237935456440678,0.5487737906949153,0.5355991227288136,0.5659465754067798,0.5566112507966101,0.5734326906101694,0.5691897394745762,0.5223625179322032,0.46130394796610175,0.48412363676271186,1730.7528023898305,4693.24240279661,3547.7734289152545,3191.1154084915256,3684.715656338983,4040.942866220339,5868.45853420339,5830.228933305085,3627.826899491525,2315.7164232711866,3787.438711983051,1213.7234952711865,0.06611258396610159,0.0704824504067797,0.06292789462711865,0.06273765998305098,0.05977576128813569,0.064484906440678,0.055723522644067824,0.057808714203389844,0.07204982076271199,0.06756885823728803,0.0673186030169492,0.07385470201694916,59
0.010678054279207955,0.010454542104950573,0.011040476324752496,0.011567007852475428,0.011289313300990256,0.011928974322772054,0.011732205150495181,0.01208676604752465,0.01199733348613849,0.01101031325544563,0.009723325860395995,0.010204317325742535,1706.4469795643563,4627.3328643564355,3497.9502812970295,3146.300986960396,3632.969360861386,3984.193894821782,5786.04485090099,5748.352127257426,3576.879521217822,2283.1956652475246,3734.2498254752472,1196.6785723267326,0.7040502686633664,0.7505861234851483,0.6701356757425743,0.6681098165940594,0.6365677792376239,0.686716703188119,0.5934144255148515,0.6156201782871287,0.7672774623366334,0.7195585166732674,0.7168934824257426,0.7864981172871286,101
0.007716941948408745,0.0075554115489770285,0.007978861428636394,0.008359381398636581,0.008158693817329324,0.008620971616647446,0.008478768126079755,0.008735006389943012,0.008670374201761644,0.007957062796533798,0.007026967584034038,0.007374576179886322,1698.5326747670454,4605.871826914773,3481.727190318182,3131.708804914773,3616.120066897727,3965.7156618920453,5759.209840511364,5721.691931386364,3560.2903654772726,2272.6064664488636,3716.930804369318,1191.1285147329545,0.10931822219886372,0.11654386660795463,0.10405228707954561,0.10373773097159095,0.09884018372159098,0.10662683119886371,0.09213974185227283,0.09558763972159093,0.11913553881818179,0.11172619527840905,0.11131239413068189,0.12211993907954541,176
0.19041093252380953,0.18642526622619043,0.19687363845238093,0.20626274174999998,0.20131089611904762,0.21271732417857142,0.20920853842857146,0.21553106401190475,0.21393630352380955,0.19633577075,0.1733862270952381,0.18196326135714286,1698.2785042261905,4605.182598440476,3481.2061802738094,3131.2401720119046,3615.5789461309523,3965.1222271785714,5758.348025178571,5720.8357301666665,3559.757599119048,2272.2663906785715,3716.374598130952,1190.9502728214286,0.3233612605595238,0.34473458191666667,0.30778472283333336,0.30685427172619045,0.29236741842857145,0.3154001761547619,0.27254763638095236,0.2827464539404762,0.3524006998095238,0.3304839999047619,0.32925998386904765,0.3612285001428571,84
0.42821648921333333,0.4192530961333334,0.4427505141733334,0.4638657348800002,0.45272949428000003,0.4783814908133333,0.47049055785333327,0.48470933005333333,0.48112286206666666,0.44154089974666677,0.3899295092,0.40921846193333333,1690.3420014533333,4583.6613672,3464.9375869333335,3116.6070620266664,3598.682393466667,3946.592166706667,5731.4377480933335,5694.1007580666665,3543.12191428,2261.64749144,3699.0070008533335,1185.3846484933333,0.5728443329733334,0.6107078234666667,0.5452500215066667,0.5436016990133332,0.51793779656,0.55874102924,0.48282644846666667,0.5008939646533334,0.6242885851733333,0.5854624830133333,0.5832941013333334,0.6399273026133333,75
0.4562328288500001,0.44668300001250005,0.47171775177499997,0.4942144493374999,0.48234961301249996,0.5096799080125001,0.5012727056875,0.5164217502249999,0.5126006352625001,0.4704289974750001,0.4154408984875,0.43599184336249996,1686.05008985,4572.0230896625,3456.1398371249998,3108.6937509375,3589.5450550875,3936.571458025,5716.8851757375,5679.6429871875,3534.1256483375,2255.904990075,3689.6149303875,1182.3748634375,0.3611383826125,0.3850086715375,0.343742094575,0.34270294225,0.3265236424625,0.352247233675,0.3043883873,0.315778695625,0.3935703941375,0.369093245825,0.3677262324875,0.40342951436249996,80
0.20737684635106388,0.20303605082978723,0.21441538947872346,0.22464107671276595,0.2192480138191489,0.2316707726170213,0.2278493485531915,0.23473522103191488,0.23299836496808513,0.21382959693617024,0.18883521280851062,0.19817647428723406,1682.99066956383,4563.726930382979,3449.8685026170215,3103.0528743297873,3583.031650202128,3929.428356787234,5706.511608425531,5669.336997574468,3527.712804723404,2251.8115402340427,3682.9199438404257,1180.2293864255319,0.5161719635,0.5502895608085105,0.4913075996276596,0.4898223482340426,0.46669741505319146,0.5034639212234042,0.4350596865531916,0.4513397556170212,0.5625267568085106,0.5275417805744681,0.5255879201914893,0.5766183119574468,94
0.3220243353061225,0.31528374792857133,0.3329541099693877,0.34883302891836737,0.34045843206122456,0.359749065010204,0.3538149814387756,0.36450768193877553,0.3618106116428571,0.3320444643163266,0.2932320314183673,0.30773757323469386,1675.7530796938775,4544.100924989796,3435.0325715612244,3089.708400857143,3567.6230599489795,3912.5301103163265,5681.97113305102,5644.956389265306,3512.5421094489798,2242.1277739081634,3667.081790530612,1175.1538881020408,0.29010363190816324,0.3092787122653061,0.2761291374285714,0.2752943829693878,0.2622974990612245,0.28296134312244897,0.24451617689795918,0.2536660484897959,0.31615637174489797,0.29649379925510205,0.295395673,0.3240762349285714,98
0.01252534222388045,0.012263162813432801,0.012950462813432873,0.013568083492537492,0.013242348201492574,0.013992669686566997,0.013761859731343473,0.014177759111940164,0.014072854850746358,0.012915081552238722,0.011405447186567122,0.011969649514925337,1673.6812605074626,4538.482820798507,3430.7856653432837,3085.888436529851,3563.212225276119,3907.6928495597017,5674.9462219776115,5637.977241358209,3508.199374171642,2239.355716791045,3662.547989977612,1173.7009853432835,0.42055598659701493,0.44835362152985075,0.4002975111268657,0.39908738847014924,0.38024613058208956,0.410201989119403,0.3544689921716418,0.36773333238805966,0.45832399262686563,0.42981965259701493,0.42822772636567163,0.46980522043283585,134
0.33241197091549296,0.32545395039436614,0.3436943106197183,0.36008544060563386,0.35144070183098575,0.3713535985352112,0.36522809739436624,0.3762657155774648,0.3734816451690141,0.34275532221126764,0.302690905084507,0.31766435642253515,1667.2593778169014,4521.0687498028165,3417.6218069014085,3074.0479421549294,3549.5402488028167,3892.6991074788734,5653.17156271831,5616.344431521127,3494.7384809014084,2230.7633521267608,3648.4948639859153,1169.1975173239437,0.6467842104929578,0.6895349308169015,0.6156281635070422,0.6137670838309859,0.5847906134507043,0.6308605229859156,0.5451472683239437,0.5655468490422535,0.704868629140845,0.6610310482535211,0.6585827826760564,0.7225259139295777,71
0.25085960549382713,0.24560863241975311,0.2593739898148148,0.27174379822222217,0.2652199183703704,0.28024748013580236,0.2756247802345679,0.2839544818395062,0.28185344188888883,0.25866536832098763,0.22843016391358026,0.23973010027160496,1666.7717349753086,4519.746420024691,3416.622215123457,3073.1488394444445,3548.502073222222,3891.5605642839505,5651.518113617284,5614.701753555555,3493.7163338641976,2230.1108946790123,3647.4277460987655,1168.8555484197532,0.19402360024691362,0.20684804548148145,0.18467734793827154,0.18411905758024694,0.17542663901234568,0.18924678118518523,0.16353435032098765,0.16965385671604938,0.21144787849382712,0.19829739470370372,0.1975629591234568,0.2167447454567901,81
0.5201583610666667,0.5092704481555554,0.5378129699111112,0.5634618154222222,0.5499345253333332,0.5810942327555555,0.5715090465555555,0.5887807150222223,0.5844242006444446,0.5363436404222224,0.47365082748888887,0.4970812890666667,1645.3858946888888,4461.754930777778,3372.7845764444446,3033.7182029555556,3502.972324266667,3841.6291362888887,5579.005206444444,5542.661225977778,3448.889524,2201.4970212666667,3600.628712,1153.8583190222223,0.7186615340222222,0.7661631548,0.6840431061999999,0.681975204111111,0.6497785699333332,0.700968242311111,0.6057296479111112,0.6283962401333334,0.7832008915111113,0.7344916270888886,0.7317712849999999,0.8028204357555555,45
0.3320003766296298,0.3250509715555555,0.34326874643209876,0.35963958081481473,0.3510055460123457,0.37089378651851845,0.3647758700246913,0.37579982133333334,0.37301919806172823,0.34233092065432097,0.30231611159259253,0.31727102274074076,1642.960583419753,4455.17827008642,3367.813066308642,3029.246479308642,3497.808916469136,3835.966545802469,5570.781710580247,5534.491301222222,3443.8058347160495,2198.2519979506174,3595.3213579135804,1152.1575231234567,0.45804462782716043,0.4883201625185185,0.4359802983209877,0.4346623045308642,0.414141524345679,0.44676766801234563,0.3860665945802469,0.40051332690123453,0.49917929909876546,0.46813406314814815,0.4664002316296296,0.511683971234568,81
0.5600386588723404,0.5483159748085107,0.5790468382978724,0.6066621687234042,0.5920977477659575,0.6256464552127659,0.6153263772765958,0.6339222565744682,0.6292317302553191,0.5774648560425532,0.5099654144468084,0.5351922786382979,1642.4122389361703,4453.691337148936,3366.689045680851,3028.235456617021,3496.641509148936,3834.686277106383,5568.922440574468,5532.644143297873,3442.6564511702127,2197.5183228510637,3594.121405425532,1151.7729860638299,0.43393330963829785,0.4626151501276595,0.413030439106383,0.41178182417021275,0.39234125114893614,0.4232499653829787,0.3657441764468085,0.37943043753191485,0.4729026654680851,0.44349164044680855,0.4418490771489362,0.4847490956808511,47
0.4139611817403845,0.4052961796057693,0.4280113695961537,0.44842366562499986,0.437658149923077,0.4624561926826921,0.45482794857692316,0.4685733784326924,0.4651063038846154,0.42684202318269227,0.3769487735576923,0.39559559792307686,1639.3449131826924,4445.373740682692,3360.401506028846,3022.5800038942307,3490.111273682692,3827.5247181442305,5558.522067903847,5522.3115230673075,3436.227036778846,2193.414295567308,3587.4091191538464,1149.621965201923,0.06267242708653847,0.06681490826923087,0.05965345256730767,0.05947311668269231,0.05666533986538452,0.061129445432692275,0.05282395874999993,0.05480064775000007,0.06830072079807697,0.06405292446153849,0.0638156911826922,0.07001168543269232,104
0.41599279446913584,0.40728526691358036,0.4301119370740741,0.4506244111851852,0.43980606123456784,0.46472580632098753,0.4570601247283951,0.47087301362962963,0.4673889234938271,0.42893685177777763,0.3787987391604939,0.397537077234568,1635.391177037037,4434.652485753087,3352.2969633950615,3015.290211728395,3481.6938999135805,3818.293578024691,5545.116146308642,5508.9929333209875,3427.9396198148147,2188.12426708642,3578.757084530864,1146.8493321975309,0.1867053295432099,0.19904605651851848,0.1777116035185185,0.1771743710246914,0.16880981702469142,0.18210868471604932,0.15736608711111114,0.16325477508641978,0.2034723909506173,0.19081792303703704,0.19011118930864201,0.2085694683580247,81
0.5539417852571428,0.5423467204571427,0.572743031657143,0.6000577273000002,0.5856518620714286,0.6188353408571425,0.6086276127428571,0.6270210474857145,0.6223815846857144,0.5711782718428572,0.5044136642714285,0.5293658956857143,1634.4469315857143,4432.091997085714,3350.3614074285715,3013.5492373285715,3479.6836323285715,3816.0889638714284,5541.914495857143,5505.812139714286,3425.9603891,2186.860883457143,3576.690774442857,1146.187161957143,0.2037752619714286,0.21724426607142858,0.19395926528571428,0.19337291517142857,0.18424361398571432,0.1987583590571428,0.17175361671428574,0.17818069055714286,0.22207528754285716,0.20826385804285716,0.20749250959999996,0.22763837612857143,70
0.30826310315929206,0.301810564778761,0.3187258101592922,0.33392616709734513,0.32590944612389383,0.34437572259292026,0.33869522322123896,0.3489309870442478,0.3463491720442477,0.31785503677876115,0.2807011956814158,0.2945868647079646,1627.7912860530973,4414.044036823008,3336.7183716106197,3001.2777373362833,3465.513982504425,3800.549434955752,5519.347217778761,5483.39187440708,3412.0095060265485,2177.955748274336,3562.1261009469026,1141.5197632743364,0.08251049281415929,0.08796421736283172,0.07853590475221231,0.07829848612389376,0.0746019474424778,0.08047910225663718,0.06954463172566372,0.0721470135132743,0.08992034280530958,0.08432796693805314,0.08401564084955751,0.09217288894690251,113
0.1099399154269663,0.10763866198876404,0.11367136785393259,0.11909247061797752,0.11623336231460674,0.12281923275280898,0.12079332168539325,0.12444383647191011,0.12352304993258427,0.11336081256179775,0.10011015070786516,0.105062379,1623.7524361123596,4403.091980719101,3328.439358932584,2993.8310146853933,3456.915404179775,3791.119571966292,5505.652701011236,5469.7865694494385,3403.5436821573035,2172.551838977528,3553.287810179775,1138.6874425505619,0.16796167443820217,0.17906349542696634,0.159870843247191,0.1593875444606741,0.15186272171910115,0.16382649424719103,0.1415678467191011,0.14686535971910117,0.18304546280898878,0.1716613978089887,0.17102561421348306,0.18763083630337074,89
0.1860476467117117,0.18215331236936938,0.19236225909009008,0.20153621017117118,0.19669783654954953,0.20784288518918917,0.2044145036126126,0.21059214782882885,0.20903393149549548,0.1918367166756757,0.1694130641711712,0.17779355478378378,1619.0483763513514,4390.336090477477,3318.796769765766,2985.157795828829,3446.900615954955,3780.1365841981983,5489.7026590540545,5453.940432756756,3393.6835134324324,2166.2578907837838,3542.993828198198,1135.3886307207208,0.08120094519819823,0.08656811230630634,0.07728943897297302,0.07705578855855866,0.07341791870270267,0.0792017955315315,0.06844086907207206,0.07100194775675683,0.08849319145045043,0.08298957378378388,0.08268220470270271,0.09070998675675673,111
0.0983177117037037,0.09625973333333333,0.1016546969382716,0.10650271241975309,0.10394585220987654,0.10983550304938272,0.10802375949382716,0.11128836320987653,0.11046491674074073,0.10137697165432098,0.08952709208641975,0.09395579986419753,1608.8808530493827,4362.765052358025,3297.954931987654,2966.4111903209878,3425.2542941358024,3756.3975610493826,5455.227667185185,5419.690025358025,3372.3713916666666,2152.653925703704,3520.7440469135804,1128.2584605925927,0.4881082189506173,0.520370877234568,0.464595705271605,0.4631912054197531,0.44132355139506174,0.4760910999876543,0.4114059339753086,0.4268008722222222,0.531942749234568,0.49885987065432097,0.49701223970370373,0.5452681609876543,81
0.6800095167391302,0.6657756122173912,0.7030896070434781,0.7366206627826088,0.7189362676956522,0.7596717420000001,0.747140908521739,0.769720376347826,0.7640250506521739,0.7011687343043476,0.6192096374347826,0.6498405724347827,1600.2847671304348,4339.4552446086955,3280.3342958695653,2950.561958434783,3406.9535104347824,3736.3275127391303,5426.080943304348,5390.733175478261,3354.353156043478,2141.152515826087,3501.933071304348,1122.230291,0.3893743167826087,0.41511092613043477,0.3706178840434783,0.36949748460869564,0.35205319160869564,0.37978800517391303,0.32818727121739133,0.34046814117391305,0.4243420546521739,0.39795113813043476,0.39647724352173913,0.4349720192608696,23
0.010292329406295972,0.010076891210687527,0.010641659677301615,0.01114917120111128,0.01088150784465583,0.011498062356031527,0.011308401084232977,0.011650154096613574,0.011563952143862688,0.010612586175555244,0.009372088791798877,0.009835705343756593,1553.8755661693122,4213.608486349206,3185.202669068783,2864.9939236137566,3308.149851820106,3627.971814100529,5268.721399708995,5234.398738047619,3257.0749385661375,2079.0578315925927,3400.3749494391536,1089.6849514444446,0.07028434761904767,0.07492995652910056,0.06689870153968258,0.06669646288888881,0.06354766566137574,0.06855396220634921,0.059239727095238004,0.06145649617989432,0.07659622940211647,0.07183251423280418,0.07156646761375662,0.07851500034920644,189
0.00973802586064261,0.009534190269999784,0.010068542573214337,0.010548721579857298,0.010295473495214147,0.010878822839785515,0.010699375951214424,0.011022723564142703,0.010941164065071576,0.010041034847642683,0.008867345671928525,0.009305993692357073,1550.4783173142857,4204.396245057143,3178.2388384785713,2858.730167621429,3300.9172209642857,3620.0399543,5257.202357792858,5222.954735992857,3249.953973164286,2074.51237315,3392.94068625,1087.302565757143,0.3121486581571429,0.3327808562571429,0.29711223934285713,0.2962140518,0.2822295323357143,0.30446362562857143,0.2630970044214286,0.27294217633571427,0.3401811503142857,0.31902441542142856,0.3178428424,0.34870284529285717,140
0.4543485870400001,0.4448381991,0.46976955726000014,0.4921733434800001,0.48035750898,0.50757492976,0.4992024492000001,0.51428892822,0.51048359444,0.46848612548,0.41372512748,0.4341911969200001,1538.64541618,4172.30924016,3153.98323566,2836.9129830399997,3275.7253643,3592.412625,5217.0805737,5183.09432212,3225.1510567,2058.68016204,3367.0465273,1079.00451751,0.2825342106,0.30120897238,0.2689243405,0.26811136646,0.25545359904,0.27557827946,0.2381362294,0.2470473614,0.30790717908,0.28875764492,0.28768817106,0.3156203962,50
0.0056490239818069166,0.005530779081867207,0.005840756582469936,0.006119308161506229,0.005972399092469674,0.006310799765722616,0.006206702721506183,0.006394276493734738,0.006346963867229147,0.005824799340240716,0.005143942849277036,0.00539840233722888,1538.5597180180723,4172.076854590361,3153.8075679216868,2836.7549752349396,3275.5429159759037,3592.212537939759,5216.7899975060245,5182.805638753012,3224.971425054217,2058.565499487952,3366.8589925421684,1078.9444200481928,0.18319669524096385,0.1953055107048193,0.17437198253614464,0.1738448458674699,0.1656374815783132,0.17868643211445795,0.15440880642771077,0.16018683209036144,0.19964866384337343,0.18723200334337353,0.18653855077710835,0.2046499550843373,166
0.0046795277709024835,0.004581576279166472,0.004838354836180572,0.005069100901041859,0.004947404639583167,0.005227728326944139,0.0051414966156946434,0.005296878648958073,0.005257685897291836,0.00482513624868032,0.004261129625624971,0.004471918320208282,1521.3902247222222,4125.518736180556,3118.6127833333335,2805.0983258125,3238.9896308402776,3552.1253912986112,5158.573446104167,5124.968334423611,3188.9824903819444,2035.5930233333333,3329.286669430556,1066.9039846479166,0.5592699768958335,0.5962362385694443,0.5323295516319444,0.5307202884861111,0.5056645285138889,0.5455008709027779,0.4713851933958333,0.4890245743125,0.6094951848125001,0.5715891220694445,0.5694721232430555,0.6247633208124999,144
0.19841192458333332,0.1942587820833333,0.20514619079166668,0.21492982050000004,0.20976990025000003,0.22165562187500001,0.21799939845833333,0.22458759395833333,0.2229258222916667,0.20458572200000003,0.18067184775,0.18960928558333334,1516.9725167083334,4113.539339166667,3109.557170416667,2796.953074625,3229.5844759166666,3541.810974416667,5143.5943360833335,5110.086804458333,3179.7225427916665,2029.6822085833332,3319.619316208333,1063.80598225,0.7316713217916667,0.780032854875,0.6964262034166667,0.6943208665,0.6615413829583332,0.7136577319583333,0.6166950520833334,0.63977197325,0.7973790225416668,0.7477879839166667,0.7450183960416666,0.8173537354166666,24
0.004098137534653518,0.004012355623762454,0.004237231702970329,0.004439309603960537,0.004332733029703106,0.004578228970296763,0.004502710801980336,0.004638787950494883,0.0046044645841582105,0.004225655415841689,0.0037317216633662997,0.003916321693069241,1508.1248842574257,4089.547418920792,3091.420903465347,2780.6400483663365,3210.7481583663366,3521.1536183663366,5113.59469459406,5080.282593306931,3161.1770412970295,2017.8442340693068,3300.257877009901,1057.6014110178219,0.7360768554455447,0.7847295826831684,0.7006195193762377,0.6985015058910891,0.6655246507920791,0.7179548022079207,0.6204082914752473,0.6436241630990098,0.8021801947722774,0.752290559039604,0.7495042949405942,0.8222751793663367,101
0.5050667019411763,0.4944946864705881,0.5222090872647058,0.5471137678823528,0.5339789529852942,0.5642346054852941,0.5549275199411765,0.5716980754117649,0.5674679590735294,0.5207823883529411,0.45990851863235305,0.48265917858823537,1499.8464240294118,4067.098909455882,3074.451350514706,2765.3764463088237,3193.1235894852944,3501.8251591911767,5085.524943382353,5052.395700264706,3143.8245802058823,2006.7678016176471,3282.141967676471,1051.7959824779412,0.06367690383823538,0.06788577825000008,0.060609542911764624,0.060426316720588236,0.05757353847058827,0.062109192294117765,0.053670590000000074,0.055678960220588186,0.06939540452941173,0.06507952702941178,0.06483849149999998,0.07113379144117643,68
0.21574340827450983,0.21122748466666666,0.22306591962745098,0.23370415935294117,0.22809351486274507,0.2410174663529412,0.23704186799999996,0.24420554917647058,0.24239862,0.22245649329411765,0.1964537176862745,0.20617184972549019,1491.460289627451,4044.358422392157,3057.2610823529412,2749.9143175294116,3175.269785745098,3482.2453035686276,5057.090101529412,5024.146094980392,3126.2464234117647,1995.5473032156863,3263.790433,1045.9150453529412,0.49057373772549023,0.5229993601764706,0.4669424582352941,0.46553086403921573,0.44355275282352946,0.4784959182156864,0.4134840162352942,0.4289567170392157,0.5346296837254901,0.5013796979215687,0.49952273415686277,0.548022404490196,51
0.2669484001525424,0.2613606578474576,0.2760088515932203,0.2891719935254237,0.28222970676271186,0.2982210560847458,0.29330188089830506,0.302165805118644,0.29993001571186445,0.27525478296610173,0.24308045411864404,0.25510510799999997,1484.215969559322,4024.7141669491525,3042.411355525424,2736.5574351864407,3159.8468671525425,3465.3313435593222,5032.526806338983,4999.7428153220335,3111.061621101695,1985.854532,3247.937551983051,1040.8348274372881,0.3135231235932203,0.3342461703220339,0.2984204959152542,0.2975183534067797,0.28347225679661014,0.30580425201694916,0.2642554837118644,0.27414400627118646,0.3416790496101695,0.3204291564576271,0.3192423807118644,0.35023826769491523,59
0.3436388320625,0.3364458118125,0.3553022209375001,0.37224694381250006,0.36331023825000003,0.38389567193749996,0.37756328862500005,0.388973690375,0.3860955909375,0.35433151899999993,0.31291396875,0.328393132625,1477.52917825,4006.581749125,3028.7044755,2724.22850925,3145.6109088125,3449.7190956249997,5009.8539220625,4977.2176318125,3097.0454533125,1976.9077243125,3233.30472125,1036.145587125,0.82649805525,0.881127384,0.7866850669375001,0.7843068722500001,0.7472790721875,0.8061498517499999,0.69662052625,0.7226882835624999,0.9007216653125001,0.8447034836875,0.8415749493125,0.9232851592500001,16
0.1318520073548387,0.12909209179032258,0.13632717449999998,0.14282875556451613,0.1393997991935484,0.14729829748387097,0.1448686028064516,0.14924670061290324,0.14814239233870968,0.1359547225,0.12006307512903226,0.12600233061290322,1477.152839516129,4005.561240370968,3027.933040016129,2723.5346262903226,3144.809696129032,3448.8404242741935,5008.577871725806,4975.949894080645,3096.2566107258062,1976.4041898064515,3232.4811724032256,1035.8816724016128,0.3300449191451613,0.3518600126451613,0.314146425,0.31319674206451614,0.29841045522580645,0.32191928458064517,0.2781810117741935,0.28859063196774193,0.359684583983871,0.33731488075806454,0.3360655652096774,0.36869484906451616,62
0.4159889766744184,0.40728152900000003,0.43010798967441866,0.4506202755813953,0.43980202483720937,0.46472154118604664,0.45705592990697674,0.47086869206976756,0.46738463393023255,0.42893291511627896,0.37879526262790697,0.39753342874418607,1470.504266255814,3987.5324576976745,3014.3045013255814,2711.276165860465,3130.6551027209302,3433.317407488372,4986.034573441861,4953.553452186046,3082.320551837209,1967.508517116279,3217.931975116279,1031.2192332883722,0.45256228879069765,0.482475455372093,0.430762047372093,0.42945982872093025,0.4091846618372093,0.4414203030465116,0.38144576109302325,0.395719580372093,0.49320461893023254,0.46253096365116275,0.46081788423255815,0.5055596224651162,43
0.08748983486249999,0.0856585047375,0.0904593128875,0.0947734093125,0.0924981399,0.09773915460000002,0.0961269411,0.09903200909999998,0.09829925007500001,0.09021217398749999,0.07966733942499998,0.08360830692500001,1455.578830375,3947.0594977749997,2983.70968445,2683.757049125,3098.8793417,3398.4696615875,4935.42694085,4903.2754992,3051.0353804875,1947.5385497374998,3185.27036475,1020.75248591875,0.10050672613749989,0.10714995408750003,0.09566524692500009,0.09537604534999991,0.09087326043749996,0.09803227224999997,0.08471290162500003,0.08788288476250003,0.10953272678750012,0.10272060678750006,0.10234015963750004,0.11227657226249996,80
0.22159632678125,0.21695789031249998,0.22911749107812496,0.24004433635937505,0.23428148025,0.24755604668750003,0.24347259400000001,0.25083061920312505,0.248974669734375,0.22849153170312503,0.201783324859375,0.21176510085937503,1434.3808343125002,3889.577381484375,2940.25709725,2644.672754828125,3053.749507078125,3348.976810359375,4863.550956890625,4831.8677455937495,3006.60231059375,1919.176008609375,3138.88239375,1005.8869858875,0.12403241214062499,0.13223062564062507,0.11805768428124999,0.1177007890625,0.11214403392187502,0.12097876103124994,0.10454171514062496,0.108453698765625,0.135171135828125,0.12676449754687488,0.1262949989375,0.138557235265625,64
0.3687585750930233,0.3610397503023256,0.38127454869767446,0.3994579184186046,0.3898679462558139,0.41195815981395345,0.4051628838604651,0.4174073776976745,0.4143188913255814,0.3802328894883721,0.3357877471162791,0.35239842618604655,1430.5527552790697,3879.1968679534884,2932.410132,2637.614645837209,3045.599652953488,3340.0390529302326,4850.571100395348,4818.972445139535,2998.5782830930234,1914.054107,3130.5053368837207,1003.2024723465116,0.12325413658139533,0.1314009079302326,0.11731689869767442,0.11696224290697671,0.1114403551860465,0.1202196463023256,0.10388573923255812,0.1077731760697675,0.13432296713953487,0.12596907855813955,0.125502526,0.13768781951162795,43
0.00455842783050818,0.004463011171751213,0.00471314466101698,0.004937919296610402,0.004819372372881214,0.005092441679660706,0.0050084415225990775,0.0051598024677963344,0.0051216239824860565,0.004700268144632508,0.0041508572378530645,0.004356191024293729,1428.1792519661017,3872.7606941016948,2927.544820423729,2633.2384444519776,3040.5465428870057,3334.4974234067795,4842.52326980791,4810.977041587571,2993.603188553672,1910.8784019943505,3125.3113553615817,1001.5380077762711,0.4231300808757062,0.4510978565367232,0.4027476094519774,0.4015300800169492,0.38257350057062145,0.4127127096892656,0.3566385882429378,0.36998411537853104,0.46112925328248594,0.4324504468813559,0.43084877696045204,0.4726807541355933,177
0.6436660775714285,0.6301929111785713,0.6655126414285714,0.6972516137142859,0.6805123696071429,0.7190707167857142,0.7072095997142859,0.728582297,0.7231913607857142,0.6636944307499999,0.5861156776785714,0.6151095273214285,1423.3146665357142,3859.5695099285713,2917.5731784285713,2624.2692526785713,3030.190000714286,3323.1396419285716,4826.028933821429,4794.590156428571,2983.40654225,1904.36967325,3114.6660919285714,998.1266241607143,0.04979635050000003,0.05308775717857145,0.04739762553571436,0.047254339785714305,0.04502342182142863,0.048570375142857225,0.041971254035714334,0.04354183153571428,0.05426830892857143,0.050893224107142865,0.05070473046428575,0.055627755142857116,28
0.0016962587270737406,0.0016607527620083606,0.0017538311668119089,0.0018374731458514898,0.0017933600812224393,0.001894973233624031,0.0018637155227073099,0.001920039182532432,0.001905832393449769,0.0017490396262008073,0.0015445956711793024,0.0016210034034936788,1415.0352723362446,3837.1184680873366,2900.601711231441,2609.003928764192,3012.5634435764196,3303.809002349345,4797.956015899564,4766.700117471615,2966.0521235589517,1893.2919913144106,3096.548139,992.3205407187774,0.06895679706550223,0.0735146584061136,0.06563510000436681,0.06543668128384286,0.06234735943231437,0.06725909561572063,0.05812079043668125,0.06029568852838424,0.07514945819650659,0.07047572142358077,0.07021469996069868,0.07703198685152807,229
0.0038236040586823034,0.003743568673652428,0.003953380375449109,0.004141921073054125,0.004042484047305228,0.004271534276646366,0.004201075029341542,0.004328036428742257,0.004296012347305589,0.00394257957425119,0.0034817343425149333,0.0036539680598801916,1411.212321269461,3826.751859952096,2892.765257491018,2601.955274520958,3004.4245067245506,3294.8832176227547,4784.9935467245505,4753.8220912694605,2958.0388447664673,1888.1769508802395,3088.182303718563,989.6396231730539,0.26233280129341313,0.27967230346107785,0.24969604710179638,0.24894120147305393,0.2371884738383233,0.25587422439520957,0.2211093091796407,0.22938328850898204,0.28589158331736525,0.2681112553353294,0.2671182497245509,0.29305329958682635,167
0.0013491397761408591,0.0013208996939670647,0.0013949307142391565,0.001461456371195921,0.001426370495869328,0.0015071897379344001,0.0014823285373372352,0.0015271262336409713,0.0015158267019025062,0.0013911196978800416,0.0012285127294021092,0.0012892845471194903,1381.9684604456522,3747.4519579347825,2832.8199017445654,2548.036231456522,2942.165291201087,3226.604968630435,4685.836472249999,4655.310967451087,2896.7408564673915,1849.0491859402175,3024.187416326087,969.1318066331521,0.14793303308695643,0.15771101404891305,0.14080699561956525,0.1403813278152175,0.13375380495108688,0.14429095374456527,0.12468654545108698,0.12935235486413038,0.1612181505108696,0.15119158185869574,0.15063161249999985,0.16525673969021734,184
0.002400301734042626,0.002350058797872409,0.0024817699680851207,0.0026001280957448636,0.002537705617021477,0.002681493936169954,0.002637262521276759,0.002716963659574287,0.0026968602765955196,0.0024749896489362905,0.0021856899468084556,0.002293811212765909,1373.7369435638298,3725.1307435425533,2815.9465753723407,2532.8591822659573,2924.6406630531915,3207.386112287234,4657.925891627659,4627.582208148936,2879.4867931808512,1838.035562968085,3006.174234,963.3592980074468,0.8183649642446807,0.8724567170851067,0.7789437525425533,0.7765889602659575,0.7399255295531912,0.7982169955851066,0.6897654850744681,0.715576724574468,0.8918581824468085,0.8363912435957447,0.8332934951595744,0.9141996419999998,94
0.001469647591666512,0.001438885049999894,0.0015195286583333523,0.0015919965083335402,0.0015537767166666355,0.0016418148749996753,0.0016147330416668576,0.0016635321666664399,0.0016512233333333542,0.0015153772416665462,0.0013382459166666055,0.00140444598333328,1312.4256193583333,3558.874241775,2690.2679189500004,2419.8150138250003,2794.1108751583333,3064.237097675,4450.037761483333,4421.048348516666,2750.9722699583335,1756.0021032083332,2872.0055171583335,920.363559625,0.323220526825,0.34458454618333334,0.30765076843333333,0.30672072228333336,0.29224017395833335,0.31526290733333334,0.27242901793333335,0.28262339676666665,0.35224732759166666,0.3303401663916667,0.32911668303333336,0.3610712859,120
0.00025383020388350386,0.0002485170485436866,0.0002624454077670285,0.00027496169902933854,0.00026836056310693135,0.0002835660776695781,0.0002788886407768948,0.00028731698058231947,0.0002851910582522682,0.0002617283980582835,0.00023113515533976225,0.00024256890291256272,1309.1836563883496,3550.083085747573,2683.6224002912622,2413.8375698834952,2787.208843,3056.6677978640773,4439.045247184466,4410.127443970873,2744.176799067961,1751.664414514563,2864.911069038835,918.0900711252427,0.6624447260097087,0.7062305648737865,0.6305343010485438,0.6286281592524273,0.5989500847281553,0.6461354799611648,0.5583468595728154,0.5792403732135922,0.7219355362815535,0.6770365208543689,0.6745289756796117,0.7400203551067961,103
0.0035962882448976885,0.00352101103401338,0.003718349272108873,0.003895681108843821,0.0038021557006801543,0.004017588714285356,0.003951318340136317,0.004070731775509942,0.004040611571428737,0.0037081905782310465,0.003274742911564571,0.0034367372176870026,1298.1493758503402,3520.161681993197,2661.0038453197276,2393.4928604965985,2763.717223414966,3030.905079244898,4401.631343829932,4372.957270564626,2721.047869346939,1736.9007435578233,2840.7645465850337,910.3520708891157,0.5342210180952381,0.5695316100136055,0.5084872186938776,0.5069500322380951,0.48301648653741497,0.5210686120204081,0.4502724772312926,0.46712181366666666,0.5821967057278913,0.5459884051632653,0.5439662238163265,0.5967810022040816,147
0.002852223255951969,0.0027925207285711268,0.0029490300595238356,0.0030896723095241024,0.0030154971130949976,0.003186357452380578,0.0031337982857145424,0.003228505321428307,0.0032046169226193216,0.0029409731964282343,0.0025972050119046908,0.0027256830113094738,1262.422913232143,3423.2830583095238,2587.7701664523806,2327.621370720238,2687.6567623035717,2947.4913218273805,4280.493730005952,4252.608798005953,2646.161714607143,1689.0993729107142,2762.583660452381,885.2982058589287,0.17848913423809526,0.19028679249999986,0.16989118805952375,0.16937759708928574,0.16138113549999994,0.17409477032738097,0.1504410008928571,0.15607055,0.19451834058928574,0.18242074810119044,0.181745115047619,0.19939111498214288,168
0.005231514160176615,0.005122008537610315,0.005409076108849331,0.005667040444690269,0.005530989168141348,0.005844379197787228,0.005747975791592905,0.005921686319468697,0.005877870494247803,0.005394298262389283,0.004763762713274514,0.004999415566770082,1248.9989747477875,3386.881674389381,2560.253185327434,2302.8706744734513,2659.0776398495577,2916.1492559469025,4234.977220579646,4207.388802159292,2618.0238285884952,1671.138382415929,2733.2078050486725,875.8844123362833,0.06916471284513276,0.07373631686283177,0.06583300036283196,0.06563398334070791,0.06253534669026553,0.06746189254424767,0.05829603388938062,0.06047748965486721,0.07537604591150443,0.07068821702212386,0.07042640854424792,0.07726425065486725,226
0.0021859188571426297,0.002140163383458474,0.0022601107819549132,0.002367897759398732,0.0023110505263156944,0.0024419963909771136,0.0024017155263160173,0.00247429816541328,0.002455990300751998,0.00225393604511262,0.0019904751353383016,0.0020889395488721124,1225.1416350526315,3322.1882773834586,2511.3493582481196,2258.8831540977444,2608.28615018797,2860.447398172932,4154.0842077368425,4127.022760413533,2568.0165147218045,1639.2176868270676,2681.0003426090225,859.153996730827,0.4134742411954887,0.440803791518797,0.39355689836842106,0.3923671529924812,0.37384316315789473,0.40329459475187973,0.34850008615789474,0.361541068075188,0.4506062714661654,0.4225819162180451,0.42101679648872187,0.4618941668270677,133
9.077461333339976e-5,8.887454666668682e-5,9.385558666670513e-5,9.833165333343608e-5,9.597097333347016e-5,0.00010140874666644817,9.973601333346238e-5,0.00010275014666652482,0.0001019898666664576,9.359917333344459e-5,8.265843999995248e-5,8.67473599999169e-5,1165.4084465493333,3160.211169573334,2388.905633866667,2148.7487097066664,2481.116161106667,2720.9829975466664,3951.5470577333335,3925.8050222933334,2442.809918093333,1559.2957445066668,2550.2850895066667,817.2649561466667,0.8062571934266666,0.85954865476,0.7674192215066666,0.7650992686266667,0.7289782759866668,0.7864073155066666,0.6795603532133332,0.7049897134266667,0.8786630740133335,0.8240167725866668,0.8209648556133333,0.9006739899733333,75
0.0019422830764702498,0.001901627359476868,0.002008205781699371,0.0021039791464055047,0.0020534679549018,0.0021698189973852477,0.0021340276908499295,0.0021985204934637653,0.002182253171242071,0.0020027192745094985,0.00176862289673195,0.001856112768627391,1153.6852343202613,3128.4216058562088,2364.874876490196,2127.1337667973853,2456.157828915033,2693.61176896732,3911.797195993464,3886.3141079019597,2418.236920372549,1543.6102953660134,2524.6309651241827,809.0438294614378,0.2893230384379085,0.3084465236601307,0.2753861456470588,0.27455363734640525,0.26159172473202613,0.282199967751634,0.24385824746405227,0.25298349909803924,0.3153056771633987,0.2956960115294118,0.29460084001960785,0.32320423003267973,153
0.001653007468900236,0.0016184068312667943,0.0017091119074410244,0.0017906211933605698,0.001747632901751353,0.001846655118061702,0.0018161944241307237,0.0018710819378257443,0.001857237402205239,0.00170444252700587,0.0015052115016458978,0.0015796709915589235,1112.8687088012423,3017.7403761614914,2281.207362236024,2051.877356130435,2369.260791652174,2598.313787900621,3773.400720571429,3748.819205136645,2332.681496726709,1488.9985111428568,2435.311399242236,780.4204604975156,0.06203448134782624,0.0661347960062113,0.05904623705590076,0.05886773689441005,0.05608854054658402,0.06050720588198755,0.05228626103105585,0.05424282920496906,0.06760548432919256,0.06340092654658386,0.06316610813664603,0.06929903300621132,161
0.0010026650156813727,0.000981677303351955,0.0010366963014204755,0.0010861373941480346,0.0010600619913065656,0.0011201259132950364,0.0011016493651707232,0.001134942482158785,0.001126544804886706,0.00103386399511321,0.0009130164007953995,0.0009581813093749031,1104.2863181647729,2994.4677057102267,2263.6147993522727,2036.0533754090907,2350.9891649715914,2578.2757153863636,3744.300433397727,3719.908489477273,2314.69196775,1477.5154253352275,2416.5303934261365,774.4018949710226,0.16423581233522724,0.17509136385795449,0.15632445862500005,0.15585188074431813,0.1484939797443182,0.16019236215340907,0.1384274739715908,0.14360747321022718,0.1789849999488637,0.1678534655681818,0.16723178541477274,0.1834686569090909,176
0.0009211185118108284,0.0009018377244093267,0.0009523820314960851,0.0009978021023624717,0.0009738473937007525,0.0010290263385823034,0.0010120524881892246,0.0010426378740154701,0.0010349231811024456,0.0009497800787399979,0.0008387609984251421,0.0008802526543306294,1097.2301582669293,2975.333679905511,2249.1507716850397,2023.0434178188978,2335.9668331968505,2561.8010698582675,3720.3751324645673,3696.1390479685033,2299.901567551182,1468.074409086614,2401.0892668582674,769.4536279346455,0.5097090238188977,0.543399438,0.4851559842992126,0.4836893295590551,0.460853941496063,0.49716009780314957,0.4296123458976378,0.4456885738031496,0.5554834132047244,0.5209364806141732,0.5190070842598425,0.5693985293937007,127
1.112681250067804e-6,1.089390000055812e-6,1.1504462500561141e-6,1.2053125001409981e-6,1.1763762501476593e-6,1.2430299997506777e-6,1.2225262501219802e-6,1.2594749998484644e-6,1.2501499997846777e-6,1.1473037501291694e-6,1.0131962499410063e-6,1.0633162499246174e-6,1090.7356144625,2957.7225753375005,2235.837969275,2011.068952725,2322.14016345,2546.637679325,3698.354101375,3674.2614711374995,2286.2883693625,1459.384825175,2386.8771350750003,764.89920488375,0.6458360048125,0.6885240512375002,0.61472563355,0.6128672822500001,0.5839332922875,0.6299356618875,0.5443480654874999,0.5647177397500001,0.7038352698625001,0.6600619562125001,0.6576172798125,0.721466668525,80
8.718281981974496e-5,8.53579099098778e-5,9.014187387390571e-5,9.444083783806401e-5,9.217354954962897e-5,9.739618017984286e-5,9.5789630630852e-5,9.868449549524372e-5,9.795430630624158e-5,8.989562162160791e-5,7.938778378371869e-5,8.33149189188448e-5,1041.8703762045043,2825.2158374684686,2135.671848810811,1920.9725424774774,2218.1076823603603,2432.547651306306,3532.666879171171,3509.6536050270265,2183.8620579819817,1394.0040067657656,2279.94442090991,730.6315222774773,0.39194963244144143,0.41785646326126125,0.37306914502702704,0.3719413352882883,0.3543816658468468,0.3822999171801802,0.33035789684684685,0.34271999224324323,0.4271486464864865,0.4005831809009009,0.39909953796396397,0.4378489174684685,111
0.0005106847849999513,0.0004999951777777539,0.0005280178514815159,0.0005531995563890918,0.0005399186492593272,0.0005705108380552187,0.0005611002315742963,0.0005780573272219647,0.0005737801566665923,0.0005265752949073915,0.00046502429287033353,0.0004880280147221555,1020.3226039185186,2766.7852407777773,2091.5022746203704,1881.2433400740738,2172.2331853611113,2382.238146148148,3459.604909583333,3437.0675916944438,2138.695822685185,1365.1734710740743,2232.791027851852,715.5207349027778,0.24362563817592597,0.25972864649074073,0.23189002101851855,0.2311890040555556,0.22027437292592594,0.23762762760185185,0.2053418264537037,0.21302578163888886,0.2655044245277778,0.24899202599074077,0.2480698323796296,0.2721554329907408,108
0.000446307480414021,0.0004369654055436656,0.00046145552404149026,0.0004834628129018609,0.0004718560956991913,0.000498591822175723,0.0004903675166323951,0.0005051869941447296,0.0005014490018138557,0.00046019481673531537,0.0004064029755958265,0.0004265068438859404,781.7166035,2119.76286,1602.397171,1441.308022,1664.248877,1825.143445,2650.564232,2633.297345,1638.554344,1045.922892,1710.645057,548.1937149,0.07489300843005195,0.07984323761139883,0.07128535989119167,0.07106986011398966,0.0677145910984458,0.07304915873056991,0.06312417389637298,0.06548630012953369,0.0816187707357513,0.07654269085492243,0.07625919909326434,0.08366335865284985,193
